Workbook

Sheet Inicio
A1: Modelo de Dimensionamiento Temprano de Células TI
A3: Propósito
A4: Estimar la talla, el esfuerzo (PM), los FTE y las capacidades requeridas de una iniciativa en etapa temprana, previa a arquitectura detallada, historias de usuario y backlog.
A6: Alcance
A7: Orienta el staffing temprano y la planeación de capacidad. No reemplaza el discovery, la arquitectura ni la estimación detallada; sus resultados se recalibran con datos reales.
A9: Contenido
A10: Hoja | B10: Función
A11: Triage rápido | B11: Tamizaje para decidir si la iniciativa requiere evaluación completa.
A12: Formulario | B12: Captura y valoración de complejidad de la iniciativa.
A13: Resultados | B13: Talla, esfuerzo (PM), FTE y mix de capacidades.
A14: Parámetros y reglas | B14: Parámetros de conversión y mix de capacidades (editables).
A15: Calibración | B15: Registro de estimado vs. real para recalibración.
A16: Niveles SFIA | B16: Referencia operativa de niveles SFIA.
A18: Escala de valoración
A19: Valor | B19: Cualitativa (juicio) | C19: Cuantitativa (conteo)
A20: 0 | B20: Sin impacto / no aplica | C20: Ninguno (0)
A21: 1 | B21: Bajo | C21: Muy bajo (p. ej. 1–2)
A22: 2 | B22: Medio | C22: Moderado (p. ej. 3–5)
A23: 3 | B23: Alto | C23: Alto (p. ej. 6–10)
A24: 4 | B24: Crítico / muy alto | C24: Muy alto (más de 10)
A26: Las preguntas cuantitativas usan rangos numéricos propios de cada pregunta (definidos en el desplegable); los valores mostrados son orientativos. El tipo de cada pregunta —cualitativa o cuantitativa— se indica en la columna «Tipo de pregunta» del Formulario.

Sheet Triage rápido
A1: Tamizaje inicial
A2: Determina si una iniciativa requiere la evaluación completa o puede dimensionarse por vía rápida.
A5: Criterios de tamizaje
A6: Pregunta | B6: Respuesta
A7: ¿Integra o modifica sistemas internos o terceros externos? | B7: Sí | H7: =IF(B7="Sí",1,0) -> 1
A8: ¿Procesa datos personales, financieros o sensibles, o está expuesta a internet? | B8: Sí | H8: =IF(B8="Sí",1,0) -> 1
A9: ¿Puede generar fraude, pérdida económica, impacto reputacional o sanción? | B9: Sí | H9: =IF(B9="Sí",1,0) -> 1
A10: ¿Introduce tecnología nueva o cambia arquitectura transversal/compartida? | B10: Sí | H10: =IF(B10="Sí",1,0) -> 1
A11: ¿Impacta una capacidad crítica (pagos, crédito, cartera, recaudo, originación)? | B11: Sí | H11: =IF(B11="Sí",1,0) -> 1
A12: ¿El requerimiento aún es ambiguo o requiere discovery funcional o técnico? | B12: No | H12: =IF(B12="Sí",1,0) -> 0
A14: Resultado
A15: Criterios afirmativos | B15: =SUM(H7:H12) -> 5
A16: Señal crítica (seguridad / fraude) | B16: =IF(OR(B8="Sí",B9="Sí"),"Sí","No") -> Sí
A18: =IF(OR(B16="Sí",B15>=3),"Formulario completo obligatorio — talla probable M o superior",IF(B15>=1,"Formulario completo recomendado — talla probable S–M","Vía rápida (XS–S) — no requiere formulario completo")) -> Formulario completo obligatorio — talla probable M o superior
A20: Criterios de decisión
A21: Vía rápida (XS–S): 1 a 3 personas, 1–8 PM. No requiere formulario completo.
A22: Formulario completo recomendado (S–M).
A23: Formulario completo obligatorio (M o superior): arquitectura, seguridad o discovery.

Sheet Formulario
A1: Formulario de evaluación
A3: Campo | B3: Valor | C3: Notas
A4: Nombre de la iniciativa | B4: Originación digital de crédito con terceros | C4: Nombre corto y reconocible.
A5: PASO 1 · Responde estas 6 preguntas | B5: Crédito | C5: Negocio, TI, operación, seguridad, etc.
A6: Tipo de iniciativa | B6: Producto financiero | C6: Seleccionar de la lista.
A7: Fecha de evaluación | B7: 2026-06-23 | C7: Fecha de diligenciamiento.
A8: Plazo objetivo (meses) | B8: 9 | C8: Usado para convertir PM a FTE.
A9: Responsable del assessment | B9: Tribu Crédito | C9: Persona que diligencia o facilita.
A11: ID | B11: Dimensión | C11: Pregunta | D11: Respuesta | E11: Peso | F11: Puntaje base | G11: Puntaje ponderado | H11: Máximo | I11: Evidencia / notas | J11: Observación | K11: Tipo de pregunta
A12: N1 | B12: Negocio y cliente | C12: ¿Impacta directamente clientes, comercios aliados o canales digitales? | D12: 3 - Alto | E12: 2 | F12: =IFERROR(VALUE(LEFT(D12,1)),0) -> 3 | G12: =F12*E12 -> 6 | H12: =4*E12 -> 8 | J12: =IF(F12>=3,"Requiere validación especial","") -> Requiere validación especial | K12: Cualitativa
A13: N2 | B13: Negocio y cliente | C13: ¿Soporta una capacidad crítica del negocio financiero (originación, pagos, tarjetas, crédito, cartera o recaudo)? | D13: 3 - Alto | E13: 3 | F13: =IFERROR(VALUE(LEFT(D13,1)),0) -> 3 | G13: =F13*E13 -> 9 | H13: =4*E13 -> 12 | J13: =IF(F13>=3,"Requiere validación especial","") -> Requiere validación especial | K13: Cualitativa
A14: N3 | B14: Negocio y cliente | C14: ¿Tiene fecha comprometida por negocio, campaña, aliado, regulador o auditoría? | D14: 2 - Medio | E14: 2 | F14: =IFERROR(VALUE(LEFT(D14,1)),0) -> 2 | G14: =F14*E14 -> 4 | H14: =4*E14 -> 8 | J14: =IF(F14>=3,"Requiere validación especial","") | K14: Cualitativa
A15: N4 | B15: Negocio y cliente | C15: ¿Cuántas áreas de negocio u operación deben coordinarse? | D15: 2 - 2 áreas | E15: 1 | F15: =IFERROR(VALUE(LEFT(D15,1)),0) -> 2 | G15: =F15*E15 -> 2 | H15: =4*E15 -> 4 | J15: =IF(F15>=3,"Requiere validación especial","") | K15: Cuantitativa
A16: F1 | B16: Alcance funcional | C16: ¿Crea una capacidad nueva y no solo modifica una existente? | D16: 3 - Alto | E16: 3 | F16: =IFERROR(VALUE(LEFT(D16,1)),0) -> 3 | G16: =F16*E16 -> 9 | H16: =4*E16 -> 12 | J16: =IF(F16>=3,"Requiere validación especial","") -> Requiere validación especial | K16: Cualitativa
A17: F2 | B17: Alcance funcional | C17: ¿Cuántos canales o frontales impacta (App, web, portal, contact center, backoffice)? | D17: 2 - 2 canales | E17: 2 | F17: =IFERROR(VALUE(LEFT(D17,1)),0) -> 2 | G17: =F17*E17 -> 4 | H17: =4*E17 -> 8 | J17: =IF(F17>=3,"Requiere validación especial","") | K17: Cuantitativa
A18: F3 | B18: Alcance funcional | C18: ¿Incluye reglas de negocio complejas, parametrización o flujos de aprobación? | D18: 2 - Medio | E18: 2 | F18: =IFERROR(VALUE(LEFT(D18,1)),0) -> 2 | G18: =F18*E18 -> 4 | H18: =4*E18 -> 8 | J18: =IF(F18>=3,"Requiere validación especial","") | K18: Cualitativa
A19: F4 | B19: Alcance funcional | C19: ¿Requiere trazabilidad, reversos, conciliación o auditoría funcional? | D19: 3 - Alto | E19: 3 | F19: =IFERROR(VALUE(LEFT(D19,1)),0) -> 3 | G19: =F19*E19 -> 9 | H19: =4*E19 -> 12 | J19: =IF(F19>=3,"Requiere validación especial","") -> Requiere validación especial | K19: Cualitativa
A20: I1 | B20: Integraciones | C20: ¿Cuántos sistemas internos deben integrarse o modificarse? | D20: 3 - 6 a 10 sistemas | E20: 3 | F20: =IFERROR(VALUE(LEFT(D20,1)),0) -> 3 | G20: =F20*E20 -> 9 | H20: =4*E20 -> 12 | J20: =IF(F20>=3,"Requiere validación especial","") -> Requiere validación especial | K20: Cuantitativa
A21: I2 | B21: Integraciones | C21: ¿Cuántos terceros externos involucra (aliados retail, bureaus, pasarelas, proveedores, core, antifraude)? | D21: 3 - 3 a 4 terceros | E21: 3 | F21: =IFERROR(VALUE(LEFT(D21,1)),0) -> 3 | G21: =F21*E21 -> 9 | H21: =4*E21 -> 12 | J21: =IF(F21>=3,"Requiere validación especial","") -> Requiere validación especial | K21: Cuantitativa
A22: I3 | B22: Integraciones | C22: ¿Cuántas APIs o integraciones nuevas/cambios requiere (APIM, eventos, mensajería)? | D22: 2 - 3 a 5 | E22: 2 | F22: =IFERROR(VALUE(LEFT(D22,1)),0) -> 2 | G22: =F22*E22 -> 4 | H22: =4*E22 -> 8 | J22: =IF(F22>=3,"Requiere validación especial","") | K22: Cuantitativa
A23: I4 | B23: Integraciones | C23: ¿De cuántos equipos externos a la célula depende? | D23: 2 - 2 equipos | E23: 2 | F23: =IFERROR(VALUE(LEFT(D23,1)),0) -> 2 | G23: =F23*E23 -> 4 | H23: =4*E23 -> 8 | J23: =IF(F23>=3,"Requiere validación especial","") | K23: Cuantitativa
... A41: D4 | B41: Incertidumbre y dependencias | C41: ¿Hay restricciones fuertes de tiempo, capacidad o coexistencia con otros proyectos? | D41: 2 - Medio | E41: 2 | F41: =IFERROR(VALUE(LEFT(D41,1)),0) -> 2 | G41: =F41*E41 -> 4 | H41: =4*E41 -> 8 | J41: =IF(F41>=3,"Requiere validación especial","") | K41: Cualitativa
A44: Resumen
A45: Puntaje total | B45: =SUM(G12:G41) -> 183 | C45: Suma ponderada de respuestas.
A46: Puntaje máximo | B46: =SUM(H12:H41) -> 280 | C46: Máximo posible según pesos.
A47: Porcentaje complejidad | B47: =IFERROR(B45/B46*100,0) -> 65.357143 | C47: Base para conversión a T-shirt.
A48: Talla sugerida | B48: =LOOKUP(B47,Reglas!$D$5:$D$9,Reglas!$F$5:$F$9) -> L | C48: Se recalibra en hoja Reglas.

Sheet Resultados
A1: Resultados
A3: Indicadores
A4: Iniciativa | B4: =Formulario!B4 -> Originación digital de crédito con terceros
A5: Tipo | B5: =Formulario!B6 -> Producto financiero
A6: Plazo objetivo (meses) | B6: =Formulario!B8 -> 9
A7: Puntaje ponderado | B7: =SUM(Formulario!G12:G41) -> 183
A8: Puntaje máximo | B8: =SUM(Formulario!H12:H41) -> 280
A9: Complejidad % | B9: =IFERROR(B7/B8*100,0) -> 65.357143
A10: Talla T-shirt | B10: =LOOKUP(B9,Reglas!$D$5:$D$9,Reglas!$F$5:$F$9) -> L
A11: PM mínimo | B11: =INDEX(Reglas!$G$5:$G$9,MATCH(B10,Reglas!$F$5:$F$9,0)) -> 16
A12: PM máximo | B12: =INDEX(Reglas!$H$5:$H$9,MATCH(B10,Reglas!$F$5:$F$9,0)) -> 32
A13: FTE mínimo | B13: =IFERROR(B11/B6,0) -> 1.7777778
A14: FTE máximo | B14: =IFERROR(B12/B6,0) -> 3.5555556
A15: FTE medio recomendado | B15: =IFERROR(((B11+B12)/2)/B6,0) -> 2.6666667
A16: Lectura ejecutiva | B16: =INDEX(Reglas!$I$5:$I$9,MATCH(B10,Reglas!$F$5:$F$9,0)) -> Iniciativa grande, transversal o con riesgo relevante.
A17: Acción recomendada | B17: =INDEX(Reglas!$J$5:$J$9,MATCH(B10,Reglas!$F$5:$F$9,0)) -> Célula completa, arquitectura temprana y validación AppSec.
A20: Complejidad por dimensión
A21: Dimensión | B21: Puntaje | C21: Máximo | D21: % | E21: Nivel
A22: Negocio y cliente | B22: =SUMIF(Formulario!$B$12:$B$41,A22,Formulario!$G$12:$G$41) -> 21 | C22: =SUMIF(Formulario!$B$12:$B$41,A22,Formulario!$H$12:$H$41) -> 32 | D22: =IFERROR(B22/C22*100,0) -> 65.625 | E22: =LOOKUP(D22,Reglas!$D$5:$D$9,Reglas!$F$5:$F$9) -> L
A23: Alcance funcional | B23: =SUMIF(Formulario!$B$12:$B$41,A23,Formulario!$G$12:$G$41) -> 26 | C23: =SUMIF(Formulario!$B$12:$B$41,A23,Formulario!$H$12:$H$41) -> 40 | D23: =IFERROR(B23/C23*100,0) -> 65 | E23: =LOOKUP(D23,Reglas!$D$5:$D$9,Reglas!$F$5:$F$9) -> L
A24: Integraciones | B24: =SUMIF(Formulario!$B$12:$B$41,A24,Formulario!$G$12:$G$41) -> 26 | C24: =SUMIF(Formulario!$B$12:$B$41,A24,Formulario!$H$12:$H$41) -> 40 | D24: =IFERROR(B24/C24*100,0) -> 65 | E24: =LOOKUP(D24,Reglas!$D$5:$D$9,Reglas!$F$5:$F$9) -> L
A25: Datos, seguridad y cumplimiento | B25: =SUMIF(Formulario!$B$12:$B$41,A25,Formulario!$G$12:$G$41) -> 38 | C25: =SUMIF(Formulario!$B$12:$B$41,A25,Formulario!$H$12:$H$41) -> 52 | D25: =IFERROR(B25/C25*100,0) -> 73.076923 | E25: =LOOKUP(D25,Reglas!$D$5:$D$9,Reglas!$F$5:$F$9) -> XL
A26: Tecnología y arquitectura | B26: =SUMIF(Formulario!$B$12:$B$41,A26,Formulario!$G$12:$G$41) -> 32 | C26: =SUMIF(Formulario!$B$12:$B$41,A26,Formulario!$H$12:$H$41) -> 52 | D26: =IFERROR(B26/C26*100,0) -> 61.538462 | E26: =LOOKUP(D26,Reglas!$D$5:$D$9,Reglas!$F$5:$F$9) -> L
A27: Operación y soporte | B27: =SUMIF(Formulario!$B$12:$B$41,A27,Formulario!$G$12:$G$41) -> 24 | C27: =SUMIF(Formulario!$B$12:$B$41,A27,Formulario!$H$12:$H$41) -> 36 | D27: =IFERROR(B27/C27*100,0) -> 66.666667 | E27: =LOOKUP(D27,Reglas!$D$5:$D$9,Reglas!$F$5:$F$9) -> L
A28: Incertidumbre y dependencias | B28: =SUMIF(Formulario!$B$12:$B$41,A28,Formulario!$G$12:$G$41) -> 16 | C28: =SUMIF(Formulario!$B$12:$B$41,A28,Formulario!$H$12:$H$41) -> 28 | D28: =IFERROR(B28/C28*100,0) -> 57.142857 | E28: =LOOKUP(D28,Reglas!$D$5:$D$9,Reglas!$F$5:$F$9) -> L
A31: Mix de capacidades
A32: Capability | B32: Nivel SFIA sugerido | C32: % mix | D32: FTE base | E32: Ajuste manual | F32: FTE final | G32: Notas
A33: Product Owner / Negocio | B33: =INDEX(Reglas!$M$5:$Q$15,MATCH(A33,Reglas!$K$5:$K$15,0),MATCH("SFIA "&$B$10,Reglas!$M$4:$Q$4,0)) -> 4 | C33: =INDEX(Reglas!$R$5:$V$15,MATCH(A33,Reglas!$K$5:$K$15,0),MATCH("Mix "&$B$10,Reglas!$R$4:$V$4,0)) -> 0.1 | D33: =C33*$B$15 -> 0.26666667 | E33: =0 -> 0 | F33: =MAX(0,D33+E33) -> 0.26666667 | G33: =INDEX(Reglas!$W$5:$W$15,MATCH(A33,Reglas!$K$5:$K$15,0)) -> Indispensable para foco y priorización.
A34: Analista negocio / funcional | B34: =INDEX(Reglas!$M$5:$Q$15,MATCH(A34,Reglas!$K$5:$K$15,0),MATCH("SFIA "&$B$10,Reglas!$M$4:$Q$4,0)) -> 4 | C34: =INDEX(Reglas!$R$5:$V$15,MATCH(A34,Reglas!$K$5:$K$15,0),MATCH("Mix "&$B$10,Reglas!$R$4:$V$4,0)) -> 0.12 | D34: =C34*$B$15 -> 0.32 | E34: =0 -> 0 | F34: =MAX(0,D34+E34) -> 0.32 | G34: =INDEX(Reglas!$W$5:$W$15,MATCH(A34,Reglas!$K$5:$K$15,0)) -> Clave cuando no hay historias detalladas.
A35: Arquitectura de solución | B35: =INDEX(Reglas!$M$5:$Q$15,MATCH(A35,Reglas!$K$5:$K$15,0),MATCH("SFIA "&$B$10,Reglas!$M$4:$Q$4,0)) -> 5 | C35: =INDEX(Reglas!$R$5:$V$15,MATCH(A35,Reglas!$K$5:$K$15,0),MATCH("Mix "&$B$10,Reglas!$R$4:$V$4,0)) -> 0.08 | D35: =C35*$B$15 -> 0.21333333 | E35: =0 -> 0 | F35: =MAX(0,D35+E35) -> 0.21333333 | G35: =INDEX(Reglas!$W$5:$W$15,MATCH(A35,Reglas!$K$5:$K$15,0)) -> Puede ser compartida según criticidad.
A36: Desarrollo Backend / API | B36: =INDEX(Reglas!$M$5:$Q$15,MATCH(A36,Reglas!$K$5:$K$15,0),MATCH("SFIA "&$B$10,Reglas!$M$4:$Q$4,0)) -> 4 | C36: =INDEX(Reglas!$R$5:$V$15,MATCH(A36,Reglas!$K$5:$K$15,0),MATCH("Mix "&$B$10,Reglas!$R$4:$V$4,0)) -> 0.28 | D36: =C36*$B$15 -> 0.74666667 | E36: =0 -> 0 | F36: =MAX(0,D36+E36) -> 0.74666667 | G36: =INDEX(Reglas!$W$5:$W$15,MATCH(A36,Reglas!$K$5:$K$15,0)) -> Alta relevancia en iniciativas financieras y transversales.
A37: Desarrollo Frontend / Mobile | B37: =INDEX(Reglas!$M$5:$Q$15,MATCH(A37,Reglas!$K$5:$K$15,0),MATCH("SFIA "&$B$10,Reglas!$M$4:$Q$4,0)) -> 4 | C37: =INDEX(Reglas!$R$5:$V$15,MATCH(A37,Reglas!$K$5:$K$15,0),MATCH("Mix "&$B$10,Reglas!$R$4:$V$4,0)) -> 0.14 | D37: =C37*$B$15 -> 0.37333333 | E37: =0 -> 0 | F37: =MAX(0,D37+E37) -> 0.37333333 | G37: =INDEX(Reglas!$W$5:$W$15,MATCH(A37,Reglas!$K$5:$K$15,0)) -> Aplicar si impacta App, web o portales.
A38: QA / Automatización | B38: =INDEX(Reglas!$M$5:$Q$15,MATCH(A38,Reglas!$K$5:$K$15,0),MATCH("SFIA "&$B$10,Reglas!$M$4:$Q$4,0)) -> 4 | C38: =INDEX(Reglas!$R$5:$V$15,MATCH(A38,Reglas!$K$5:$K$15,0),MATCH("Mix "&$B$10,Reglas!$R$4:$V$4,0)) -> 0.13 | D38: =C38*$B$15 -> 0.34666667 | E38: =0 -> 0 | F38: =MAX(0,D38+E38) -> 0.34666667 | G38: =INDEX(Reglas!$W$5:$W$15,MATCH(A38,Reglas!$K$5:$K$15,0)) -> Aumentar en flujos críticos, cartera, pagos o crédito.
A39: Seguridad / AppSec | B39: =INDEX(Reglas!$M$5:$Q$15,MATCH(A39,Reglas!$K$5:$K$15,0),MATCH("SFIA "&$B$10,Reglas!$M$4:$Q$4,0)) -> 4 | C39: =INDEX(Reglas!$R$5:$V$15,MATCH(A39,Reglas!$K$5:$K$15,0),MATCH("Mix "&$B$10,Reglas!$R$4:$V$4,0)) -> 0.05 | D39: =C39*$B$15 -> 0.13333333 | E39: =0 -> 0 | F39: =MAX(0,D39+E39) -> 0.13333333 | G39: =INDEX(Reglas!$W$5:$W$15,MATCH(A39,Reglas!$K$5:$K$15,0)) -> Aumentar si hay datos sensibles, internet o riesgo regulatorio.
A40: DevOps / Plataforma | B40: =INDEX(Reglas!$M$5:$Q$15,MATCH(A40,Reglas!$K$5:$K$15,0),MATCH("SFIA "&$B$10,Reglas!$M$4:$Q$4,0)) -> 4 | C40: =INDEX(Reglas!$R$5:$V$15,MATCH(A40,Reglas!$K$5:$K$15,0),MATCH("Mix "&$B$10,Reglas!$R$4:$V$4,0)) -> 0.04 | D40: =C40*$B$15 -> 0.10666667 | E40: =0 -> 0 | F40: =MAX(0,D40+E40) -> 0.10666667 | G40: =INDEX(Reglas!$W$5:$W$15,MATCH(A40,Reglas!$K$5:$K$15,0)) -> Puede ser compartida si existe plataforma madura.
A41: Datos / Integración | B41: =INDEX(Reglas!$M$5:$Q$15,MATCH(A41,Reglas!$K$5:$K$15,0),MATCH("SFIA "&$B$10,Reglas!$M$4:$Q$4,0)) -> 4 | C41: =INDEX(Reglas!$R$5:$V$15,MATCH(A41,Reglas!$K$5:$K$15,0),MATCH("Mix "&$B$10,Reglas!$R$4:$V$4,0)) -> 0.03 | D41: =C41*$B$15 -> 0.08 | E41: =0 -> 0 | F41: =MAX(0,D41+E41) -> 0.08 | G41: =INDEX(Reglas!$W$5:$W$15,MATCH(A41,Reglas!$K$5:$K$15,0)) -> Aplica en analítica, reportes, integraciones o migración.
A42: UX/UI / Experiencia | B42: =INDEX(Reglas!$M$5:$Q$15,MATCH(A42,Reglas!$K$5:$K$15,0),MATCH("SFIA "&$B$10,Reglas!$M$4:$Q$4,0)) -> 3 | C42: =INDEX(Reglas!$R$5:$V$15,MATCH(A42,Reglas!$K$5:$K$15,0),MATCH("Mix "&$B$10,Reglas!$R$4:$V$4,0)) -> 0.02 | D42: =C42*$B$15 -> 0.053333333 | E42: =0 -> 0 | F42: =MAX(0,D42+E42) -> 0.053333333 | G42: =INDEX(Reglas!$W$5:$W$15,MATCH(A42,Reglas!$K$5:$K$15,0)) -> Aplicar en canales de cliente/aliado.
A43: Operación / SRE | B43: =INDEX(Reglas!$M$5:$Q$15,MATCH(A43,Reglas!$K$5:$K$15,0),MATCH("SFIA "&$B$10,Reglas!$M$4:$Q$4,0)) -> 3 | C43: =INDEX(Reglas!$R$5:$V$15,MATCH(A43,Reglas!$K$5:$K$15,0),MATCH("Mix "&$B$10,Reglas!$R$4:$V$4,0)) -> 0.01 | D43: =C43*$B$15 -> 0.026666667 | E43: =0 -> 0 | F43: =MAX(0,D43+E43) -> 0.026666667 | G43: =INDEX(Reglas!$W$5:$W$15,MATCH(A43,Reglas!$K$5:$K$15,0)) -> Relevante para servicios críticos o 7x24.
A45: Total | C45: =SUM(C33:C43) -> 1 | D45: =SUM(D33:D43) -> 2.6666667 | E45: =SUM(E33:E43) -> 0 | F45: =SUM(F33:F43) -> 2.6666667

Sheet Reglas
A1: Parámetros y reglas
A3: Respuesta formulario | B3: Puntaje base | D3: Conversión a talla y esfuerzo | K3: Mix de capacidades por talla | Y3: Opciones I1 (sistemas internos) | Z3: Opciones I2 (terceros) | AA3: Opciones I3 (APIs/integraciones) | AB3: Opciones I4 (equipos externos) | AC3: Opciones N4 (áreas) | AD3: Opciones F2 (canales)
A4: 0 - No aplica / sin impacto | B4: 0 | D4: Min % | E4: Max % | F4: Talla | G4: PM min | H4: PM max | I4: Guía de lectura | J4: Acción recomendada | K4: Capability | L4: Descripción | M4: SFIA XS | N4: SFIA S | O4: SFIA M | P4: SFIA L | Q4: SFIA XL | R4: Mix XS | S4: Mix S | T4: Mix M | U4: Mix L | V4: Mix XL | W4: Notas | Y4: 0 - Ninguno | Z4: 0 - Ninguno | AA4: 0 - Ninguna | AB4: 0 - Ninguno | AC4: 0 - Ninguna / solo la célula | AD4: 0 - Ninguno
A5: 1 - Bajo | B5: 1 | D5: 0 | E5: 20 | F5: XS | G5: 1 | H5: 3 | I5: Cambio menor o ajuste acotado. | J5: Resolver con capacidad existente o célula ligera. | K5: Product Owner / Negocio | L5: Prioridad, valor de negocio, decisiones funcionales y relación con stakeholders. | M5: 3 | N5: 3 | O5: 4 | P5: 4 | Q5: 5 | R5: 0.2 | S5: 0.15 | T5: 0.12 | U5: 0.1 | V5: 0.08 | W5: Indispensable para foco y priorización. | Y5: 1 - 1 a 2 sistemas | Z5: 1 - 1 tercero | AA5: 1 - 1 a 2 | AB5: 1 - 1 equipo | AC5: 1 - 1 área | AD5: 1 - 1 canal
A6: 2 - Medio | B6: 2 | D6: 21 | E6: 35 | F6: S | G6: 3 | H6: 8 | I6: Iniciativa pequeña con alcance conocido. | J6: Célula reducida y apoyo puntual de arquitectura/seguridad. | K6: Analista negocio / funcional | L6: Levantamiento, reglas, trazabilidad, procesos, criterios de aceptación. | M6: 2 | N6: 3 | O6: 3 | P6: 4 | Q6: 4 | R6: 0.2 | S6: 0.15 | T6: 0.14 | U6: 0.12 | V6: 0.1 | W6: Clave cuando no hay historias detalladas. | Y6: 2 - 3 a 5 sistemas | Z6: 2 - 2 terceros | AA6: 2 - 3 a 5 | AB6: 2 - 2 equipos | AC6: 2 - 2 áreas | AD6: 2 - 2 canales
A7: 3 - Alto | B7: 3 | D7: 36 | E7: 50 | F7: M | G7: 8 | H7: 16 | I7: Iniciativa media con varias piezas o integraciones. | J7: Célula base y discovery corto para validar supuestos. | K7: Arquitectura de solución | L7: Diseño, trade-offs, estándares, integración, NFRs y decisiones técnicas. | M7: 0 | N7: 4 | O7: 4 | P7: 5 | Q7: 5 | R7: 0.1 | S7: 0.08 | T7: 0.08 | U7: 0.08 | V7: 0.08 | W7: Puede ser compartida según criticidad. | Y7: 3 - 6 a 10 sistemas | Z7: 3 - 3 a 4 terceros | AA7: 3 - 6 a 10 | AB7: 3 - 3 equipos | AC7: 3 - 3 a 4 áreas | AD7: 3 - 3 canales
A8: 4 - Crítico / muy alto | B8: 4 | D8: 51 | E8: 70 | F8: L | G8: 16 | H8: 32 | I8: Iniciativa grande, transversal o con riesgo relevante. | J8: Célula completa, arquitectura temprana y validación AppSec. | K8: Desarrollo Backend / API | L8: Servicios, APIs, lógica de negocio, integración, seguridad técnica. | M8: 2 | N8: 3 | O8: 3 | P8: 4 | Q8: 4 | R8: 0.25 | S8: 0.3 | T8: 0.3 | U8: 0.28 | V8: 0.25 | W8: Alta relevancia en iniciativas financieras y transversales. | Y8: 4 - Más de 10 sistemas | Z8: 4 - 5 o más terceros | AA8: 4 - Más de 10 | AB8: 4 - 4 o más equipos | AC8: 4 - 5 o más áreas | AD8: 4 - 4 o más canales
D9: 71 | E9: 100 | F9: XL | G9: 32 | H9: 64 | I9: Programa o iniciativa estratégica de alta incertidumbre. | J9: Evaluar dividir en frentes/células y hacer discovery formal. | K9: Desarrollo Frontend / Mobile | L9: Canales digitales, experiencia, integración con APIs, validaciones de UI. | M9: 0 | N9: 3 | O9: 3 | P9: 4 | Q9: 4 | R9: 0 | S9: 0.1 | T9: 0.12 | U9: 0.14 | V9: 0.15 | W9: Aplicar si impacta App, web o portales.
A10: Tipo de iniciativa | B10: Descripción | K10: QA / Automatización | L10: Estrategia de pruebas, regresión, automatización, datos de prueba, pruebas E2E. | M10: 2 | N10: 3 | O10: 3 | P10: 4 | Q10: 4 | R10: 0.15 | S10: 0.12 | T10: 0.12 | U10: 0.13 | V10: 0.14 | W10: Aumentar en flujos críticos, cartera, pagos o crédito.
A11: API / Backend | B11: Servicios, APIs, procesos backend o capacidades transversales. | K11: Seguridad / AppSec | L11: Threat modeling, IAM, OWASP, protección de datos, fraude, revisiones y evidencias. | M11: 0 | N11: 3 | O11: 4 | P11: 4 | Q11: 5 | R11: 0 | S11: 0.03 | T11: 0.04 | U11: 0.05 | V11: 0.06 | W11: Aumentar si hay datos sensibles, internet o riesgo regulatorio.
A12: Canal digital | B12: App, web, portal, frontend, experiencia de cliente o aliado. | K12: DevOps / Plataforma | L12: CI/CD, cloud, Kubernetes, APIM, observabilidad, IaC y despliegues. | M12: 2 | N12: 3 | O12: 3 | P12: 4 | Q12: 4 | R12: 0.05 | S12: 0.05 | T12: 0.04 | U12: 0.04 | V12: 0.05 | W12: Puede ser compartida si existe plataforma madura.
A13: Datos / Analítica | B13: Integración, modelos de datos, reportes, BI o analítica. | K13: Datos / Integración | L13: Modelado, persistencia, migración, mensajería, consistencia y reportabilidad. | M13: 0 | N13: 0 | O13: 3 | P13: 4 | Q13: 4 | R13: 0 | S13: 0 | T13: 0.02 | U13: 0.03 | V13: 0.04 | W13: Aplica en analítica, reportes, integraciones o migración.
A14: Infraestructura / Plataforma | B14: Cloud, DevOps, Kubernetes, APIM, automatización o plataforma. | K14: UX/UI / Experiencia | L14: Diseño de interacción, pruebas con usuario, journeys y diseño omnicanal. | M14: 0 | N14: 2 | O14: 3 | P14: 3 | Q14: 4 | R14: 0 | S14: 0.02 | T14: 0.02 | U14: 0.02 | V14: 0.03 | W14: Aplicar en canales de cliente/aliado.
A15: Seguridad / Cumplimiento | B15: Controles, auditoría, IAM, fraude, hardening o cumplimiento. | K15: Operación / SRE | L15: Soporte, monitoreo, SLO, continuidad, runbooks, incidentes y operación. | M15: 0 | N15: 0 | O15: 0 | P15: 3 | Q15: 4 | R15: 0.05 | S15: 0 | T15: 0 | U15: 0.01 | V15: 0.02 | W15: Relevante para servicios críticos o 7x24.
A16: Operación / Backoffice | B16: Procesos internos, soporte, contact center, operación, cartera o recaudo.
A17: Producto financiero | B17: Nueva capacidad de crédito, tarjeta, pagos, originación, cartera o experiencia financiera. | R17: =SUM(R5:R15) -> 1 | S17: =SUM(S5:S15) -> 1 | T17: =SUM(T5:T15) -> 1 | U17: =SUM(U5:U15) -> 1 | V17: =SUM(V5:V15) -> 1 | W17: Debe sumar 100% por talla

Sheet Calibracion
A1: Calibración
A3: Fecha cierre | B3: Iniciativa | C3: Tipo | D3: Talla estimada | E3: PM min | F3: PM max | G3: FTE estimado medio | H3: FTE real medio | I3: Duración real meses | J3: Desvío FTE | K3: ¿Requiere ajustar reglas? | L3: Aprendizaje | M3: Link/evidencia
J4: =IFERROR(H4-G4,"") -> 0 | K4: =IF(ABS(J4)>=0.5,"Sí","No") -> No
J5: =IFERROR(H5-G5,"") -> 0 | K5: =IF(ABS(J5)>=0.5,"Sí","No") -> No
J6: =IFERROR(H6-G6,"") -> 0 | K6: =IF(ABS(J6)>=0.5,"Sí","No") -> No
J7: =IFERROR(H7-G7,"") -> 0 | K7: =IF(ABS(J7)>=0.5,"Sí","No") -> No
J8: =IFERROR(H8-G8,"") -> 0 | K8: =IF(ABS(J8)>=0.5,"Sí","No") -> No
J9: =IFERROR(H9-G9,"") -> 0 | K9: =IF(ABS(J9)>=0.5,"Sí","No") -> No
J10: =IFERROR(H10-G10,"") -> 0 | K10: =IF(ABS(J10)>=0.5,"Sí","No") -> No
J11: =IFERROR(H11-G11,"") -> 0 | K11: =IF(ABS(J11)>=0.5,"Sí","No") -> No
J12: =IFERROR(H12-G12,"") -> 0 | K12: =IF(ABS(J12)>=0.5,"Sí","No") -> No
J13: =IFERROR(H13-G13,"") -> 0 | K13: =IF(ABS(J13)>=0.5,"Sí","No") -> No
J14: =IFERROR(H14-G14,"") -> 0 | K14: =IF(ABS(J14)>=0.5,"Sí","No") -> No
J15: =IFERROR(H15-G15,"") -> 0 | K15: =IF(ABS(J15)>=0.5,"Sí","No") -> No
... J23: =IFERROR(H23-G23,"") -> 0 | K23: =IF(ABS(J23)>=0.5,"Sí","No") -> No

Sheet Diccionario_SFIA
A1: Niveles SFIA
A3: Nivel | B3: Frase guía | C3: Autonomía | D3: Influencia | E3: Complejidad | F3: Uso en staffing temprano
A4: 0 | B4: No requerido dedicado | C4: No se asigna como capacidad dedicada. | D4: Apoyo bajo demanda. | E4: No aplica. | F4: Usar solo si la iniciativa dispara necesidad puntual.
A5: 1 | B5: Seguir | C5: Trabaja bajo instrucciones. | D5: Impacto individual. | E5: Tareas simples. | F5: No recomendado para ownership de iniciativa.
A6: 2 | B6: Asistir | C6: Requiere guía frecuente. | D6: Impacto en tareas. | E6: Problemas acotados. | F6: Útil como apoyo con supervisión.
A7: 3 | B7: Aplicar | C7: Trabaja con autonomía en tareas/entregables conocidos. | D7: Impacto en la célula. | E7: Complejidad moderada. | F7: Equivalente aproximado a ingeniero II / semi senior.
A8: 4 | B8: Facilitar | C8: Toma decisiones técnicas locales. | D8: Impacto en equipo o componente. | E8: Problemas complejos y conocidos. | F8: Equivalente aproximado a senior / especialista.
A9: 5 | B9: Asegurar y asesorar | C9: Define enfoques y asesora. | D9: Impacto transversal o multi-equipo. | E9: Alta complejidad e incertidumbre. | F9: Arquitectura, seguridad o liderazgo técnico relevante.
A10: 6 | B10: Iniciar e influir | C10: Inicia cambios y define prácticas. | D10: Impacto organizacional. | E10: Problemas amplios y estratégicos. | F10: Principal / arquitecto empresarial / plataforma corporativa.
A11: 7 | B11: Definir estrategia | C11: Define estrategia organizacional. | D11: Impacto ejecutivo. | E11: Ambigüedad estratégica. | F11: Dirección tecnológica o estrategia corporativa.
