Workbook

Sheet Inicio
A1: Plantilla de scoring temprano para dimensionamiento de células de TI
A3: Objetivo
A4: Evaluar una iniciativa en etapa temprana, antes de arquitectura detallada o historias de usuario, para obtener una talla T-shirt, un rango de esfuerzo, FTE sugeridos y capacidades mínimas para conformar una célula.
A8: Flujo sugerido de uso
A9: Paso | B9: Actividad | C9: Resultado esperado
A10: 1 | B10: Completar metadatos de la iniciativa en la hoja Formulario. | C10: Contexto mínimo de negocio y plazo.
A11: 2 | B11: Responder cada pregunta con escala 0 a 4 y agregar evidencia breve cuando aplique. | C11: Puntaje ponderado por complejidad.
A12: 3 | B12: Revisar la hoja Resultados. | C12: Talla, PM, FTE y mix sugerido de capacidades.
A13: 4 | B13: Ajustar reglas en la hoja Reglas si la organización aprende nuevos patrones. | C13: Modelo calibrable.
A14: 5 | B14: Registrar estimado vs real en Calibracion al cerrar la iniciativa. | C14: Histórico para mejorar reglas.
A15: Nota | B15: La plantilla no reemplaza discovery, arquitectura o estimación detallada. | C15: Sirve para staffing temprano y planeación de capacidad.
A17: Interpretación de la escala de respuesta
A18: Respuesta | B18: Significado | C18: Uso sugerido
A19: 0 | B19: No aplica o sin impacto relevante. | C19: La iniciativa no exige esfuerzo adicional por esta pregunta.
A20: 1 | B20: Bajo. | C20: Impacto acotado, conocido y manejable dentro de la célula.
A21: 2 | B21: Medio. | C21: Requiere coordinación o análisis moderado.
A22: 3 | B22: Alto. | C22: Requiere diseño, validación especializada o gestión de dependencias.
A23: 4 | B23: Crítico / muy alto. | C23: Alta incertidumbre, impacto financiero/regulatorio, riesgo operacional o transversalidad.

Sheet Formulario
A1: Formulario de scoring temprano de iniciativa
A3: Campo | B3: Valor | C3: Notas
A4: Nombre de la iniciativa | C4: Nombre corto y reconocible.
A5: Área solicitante | C5: Negocio, TI, operación, seguridad, etc.
A6: Tipo de iniciativa | C6: Seleccionar de la lista.
A7: Fecha de evaluación | C7: Fecha de diligenciamiento.
A8: Plazo objetivo (meses) | C8: Usado para convertir PM a FTE.
A9: Responsable del assessment | C9: Persona que diligencia o facilita.
A11: ID | B11: Dimensión | C11: Pregunta | D11: Respuesta | E11: Peso | F11: Puntaje base | G11: Puntaje ponderado | H11: Máximo | I11: Evidencia / notas | J11: Observación | K11: Tipo de pregunta
A12: N1 | B12: Negocio y cliente | C12: ¿Impacta directamente clientes, comercios aliados o canales digitales? | D12: 4 - Crítico / muy alto | E12: 2 | F12: =IFERROR(VALUE(LEFT(D12,1)),0) -> 4 | G12: =F12*E12 -> 8 | H12: =4*E12 -> 8 | J12: =IF(F12>=3,"Requiere validación especial","") -> Requiere validación especial | K12: Cualitativa
A13: N2 | B13: Negocio y cliente | C13: ¿Soporta una capacidad crítica del negocio financiero (originación, pagos, tarjetas, crédito, cartera o recaudo)? | D13: 2 - Medio | E13: 3 | F13: =IFERROR(VALUE(LEFT(D13,1)),0) -> 2 | G13: =F13*E13 -> 6 | H13: =4*E13 -> 12 | J13: =IF(F13>=3,"Requiere validación especial","") | K13: Cualitativa
A14: N3 | B14: Negocio y cliente | C14: ¿Tiene fecha comprometida por negocio, campaña, aliado, regulador o auditoría? | D14: 2 - Medio | E14: 2 | F14: =IFERROR(VALUE(LEFT(D14,1)),0) -> 2 | G14: =F14*E14 -> 4 | H14: =4*E14 -> 8 | J14: =IF(F14>=3,"Requiere validación especial","") | K14: Cualitativa
A15: N4 | B15: Negocio y cliente | C15: ¿Cuántas áreas de negocio u operación deben coordinarse? | D15: 1 - 1 área | E15: 1 | F15: =IFERROR(VALUE(LEFT(D15,1)),0) -> 1 | G15: =F15*E15 -> 1 | H15: =4*E15 -> 4 | J15: =IF(F15>=3,"Requiere validación especial","") | K15: Cuantitativa
A16: F1 | B16: Alcance funcional | C16: ¿Crea una capacidad nueva y no solo modifica una existente? | D16: 2 - Medio | E16: 3 | F16: =IFERROR(VALUE(LEFT(D16,1)),0) -> 2 | G16: =F16*E16 -> 6 | H16: =4*E16 -> 12 | J16: =IF(F16>=3,"Requiere validación especial","") | K16: Cualitativa
A17: F2 | B17: Alcance funcional | C17: ¿Cuántos canales o frontales impacta (App, web, portal, contact center, backoffice)? | D17: 2 - 2 canales | E17: 2 | F17: =IFERROR(VALUE(LEFT(D17,1)),0) -> 2 | G17: =F17*E17 -> 4 | H17: =4*E17 -> 8 | J17: =IF(F17>=3,"Requiere validación especial","") | K17: Cuantitativa
A18: F3 | B18: Alcance funcional | C18: ¿Incluye reglas de negocio complejas, parametrización o flujos de aprobación? | D18: 2 - Medio | E18: 2 | F18: =IFERROR(VALUE(LEFT(D18,1)),0) -> 2 | G18: =F18*E18 -> 4 | H18: =4*E18 -> 8 | J18: =IF(F18>=3,"Requiere validación especial","") | K18: Cualitativa
A19: F4 | B19: Alcance funcional | C19: ¿Requiere trazabilidad, reversos, conciliación o auditoría funcional? | D19: 2 - Medio | E19: 3 | F19: =IFERROR(VALUE(LEFT(D19,1)),0) -> 2 | G19: =F19*E19 -> 6 | H19: =4*E19 -> 12 | J19: =IF(F19>=3,"Requiere validación especial","") | K19: Cualitativa
A20: I1 | B20: Integraciones | C20: ¿Cuántos sistemas internos deben integrarse o modificarse? | E20: 3 | F20: =IFERROR(VALUE(LEFT(D20,1)),0) -> 0 | G20: =F20*E20 -> 0 | H20: =4*E20 -> 12 | J20: =IF(F20>=3,"Requiere validación especial","") | K20: Cuantitativa
A21: I2 | B21: Integraciones | C21: ¿Cuántos terceros externos involucra (aliados retail, bureaus, pasarelas, proveedores, core, antifraude)? | E21: 3 | F21: =IFERROR(VALUE(LEFT(D21,1)),0) -> 0 | G21: =F21*E21 -> 0 | H21: =4*E21 -> 12 | J21: =IF(F21>=3,"Requiere validación especial","") | K21: Cuantitativa
A22: I3 | B22: Integraciones | C22: ¿Cuántas APIs o integraciones nuevas/cambios requiere (APIM, eventos, mensajería)? | E22: 2 | F22: =IFERROR(VALUE(LEFT(D22,1)),0) -> 0 | G22: =F22*E22 -> 0 | H22: =4*E22 -> 8 | J22: =IF(F22>=3,"Requiere validación especial","") | K22: Cuantitativa
A23: I4 | B23: Integraciones | C23: ¿De cuántos equipos externos a la célula depende? | E23: 2 | F23: =IFERROR(VALUE(LEFT(D23,1)),0) -> 0 | G23: =F23*E23 -> 0 | H23: =4*E23 -> 8 | J23: =IF(F23>=3,"Requiere validación especial","") | K23: Cuantitativa
A24: S1 | B24: Datos, seguridad y cumplimiento | C24: ¿Procesa datos personales, financieros, transaccionales o sensibles? | E24: 3 | F24: =IFERROR(VALUE(LEFT(D24,1)),0) -> 0 | G24: =F24*E24 -> 0 | H24: =4*E24 -> 12 | J24: =IF(F24>=3,"Requiere validación especial","") | K24: Cualitativa
A25: S2 | B25: Datos, seguridad y cumplimiento | C25: ¿Está expuesta a internet o a canales de cliente/aliado? | E25: 3 | F25: =IFERROR(VALUE(LEFT(D25,1)),0) -> 0 | G25: =F25*E25 -> 0 | H25: =4*E25 -> 12 | J25: =IF(F25>=3,"Requiere validación especial","") | K25: Cualitativa
A26: S3 | B26: Datos, seguridad y cumplimiento | C26: ¿Requiere controles de identidad, autorización, roles, MFA o segregación? | E26: 2 | F26: =IFERROR(VALUE(LEFT(D26,1)),0) -> 0 | G26: =F26*E26 -> 0 | H26: =4*E26 -> 8 | J26: =IF(F26>=3,"Requiere validación especial","") | K26: Cualitativa
A27: S4 | B27: Datos, seguridad y cumplimiento | C27: ¿Puede generar impacto de fraude, pérdida económica, reputacional o sanción? | E27: 3 | F27: =IFERROR(VALUE(LEFT(D27,1)),0) -> 0 | G27: =F27*E27 -> 0 | H27: =4*E27 -> 12 | J27: =IF(F27>=3,"Requiere validación especial","") | K27: Cualitativa
A28: S5 | B28: Datos, seguridad y cumplimiento | C28: ¿Requiere evidencia para auditoría, cumplimiento, monitoreo o trazabilidad regulatoria? | E28: 2 | F28: =IFERROR(VALUE(LEFT(D28,1)),0) -> 0 | G28: =F28*E28 -> 0 | H28: =4*E28 -> 8 | J28: =IF(F28>=3,"Requiere validación especial","") | K28: Cualitativa
A29: T1 | B29: Tecnología y arquitectura | C29: ¿Introduce tecnología, patrón o componente nuevo para TI? | E29: 3 | F29: =IFERROR(VALUE(LEFT(D29,1)),0) -> 0 | G29: =F29*E29 -> 0 | H29: =4*E29 -> 12 | J29: =IF(F29>=3,"Requiere validación especial","") | K29: Cualitativa
A30: T2 | B30: Tecnología y arquitectura | C30: ¿Modifica arquitectura transversal, APIs comunes, plataforma, datos maestros o capacidades compartidas? | E30: 3 | F30: =IFERROR(VALUE(LEFT(D30,1)),0) -> 0 | G30: =F30*E30 -> 0 | H30: =4*E30 -> 12 | J30: =IF(F30>=3,"Requiere validación especial","") | K30: Cualitativa
A31: T3 | B31: Tecnología y arquitectura | C31: ¿Exige alta disponibilidad, resiliencia, recuperación, performance o escalabilidad relevante? | E31: 3 | F31: =IFERROR(VALUE(LEFT(D31,1)),0) -> 0 | G31: =F31*E31 -> 0 | H31: =4*E31 -> 12 | J31: =IF(F31>=3,"Requiere validación especial","") | K31: Cualitativa
... A41: D4 | B41: Incertidumbre y dependencias | C41: ¿Hay restricciones fuertes de tiempo, capacidad o coexistencia con otros proyectos? | E41: 2 | F41: =IFERROR(VALUE(LEFT(D41,1)),0) -> 0 | G41: =F41*E41 -> 0 | H41: =4*E41 -> 8 | J41: =IF(F41>=3,"Requiere validación especial","") | K41: Cualitativa
A44: Resumen automático del scoring
A45: Puntaje total | B45: =SUM(G12:G41) -> 39 | C45: Suma ponderada de respuestas.
A46: Puntaje máximo | B46: =SUM(H12:H41) -> 280 | C46: Máximo posible según pesos.
A47: Porcentaje complejidad | B47: =IFERROR(B45/B46*100,0) -> 13.928571 | C47: Base para conversión a T-shirt.
A48: Talla sugerida | B48: =LOOKUP(B47,Reglas!$D$5:$D$9,Reglas!$F$5:$F$9) -> XS | C48: Se recalibra en hoja Reglas.

Sheet Resultados
A1: Resultado automático de dimensionamiento inicial
A3: KPIs de sizing temprano
A4: Iniciativa | B4: =Formulario!B4 -> 0
A5: Tipo | B5: =Formulario!B6 -> 0
A6: Plazo objetivo (meses) | B6: =Formulario!B8 -> 0
A7: Puntaje ponderado | B7: =SUM(Formulario!G12:G41) -> 39
A8: Puntaje máximo | B8: =SUM(Formulario!H12:H41) -> 280
A9: Complejidad % | B9: =IFERROR(B7/B8*100,0) -> 13.928571
A10: Talla T-shirt | B10: =LOOKUP(B9,Reglas!$D$5:$D$9,Reglas!$F$5:$F$9) -> XS
A11: PM mínimo | B11: =INDEX(Reglas!$G$5:$G$9,MATCH(B10,Reglas!$F$5:$F$9,0)) -> 1
A12: PM máximo | B12: =INDEX(Reglas!$H$5:$H$9,MATCH(B10,Reglas!$F$5:$F$9,0)) -> 3
A13: FTE mínimo | B13: =IFERROR(B11/B6,0) -> 0
A14: FTE máximo | B14: =IFERROR(B12/B6,0) -> 0
A15: FTE medio recomendado | B15: =IFERROR(((B11+B12)/2)/B6,0) -> 0
A16: Lectura ejecutiva | B16: =INDEX(Reglas!$I$5:$I$9,MATCH(B10,Reglas!$F$5:$F$9,0)) -> Cambio menor o ajuste acotado.
A17: Acción recomendada | B17: =INDEX(Reglas!$J$5:$J$9,MATCH(B10,Reglas!$F$5:$F$9,0)) -> Resolver con capacidad existente o célula ligera.
A20: Complejidad por dimensión
A21: Dimensión | B21: Puntaje | C21: Máximo | D21: % | E21: Nivel
A22: Negocio y cliente | B22: =SUMIF(Formulario!$B$12:$B$41,A22,Formulario!$G$12:$G$41) -> 19 | C22: =SUMIF(Formulario!$B$12:$B$41,A22,Formulario!$H$12:$H$41) -> 32 | D22: =IFERROR(B22/C22*100,0) -> 59.375 | E22: =LOOKUP(D22,Reglas!$D$5:$D$9,Reglas!$F$5:$F$9) -> L
A23: Alcance funcional | B23: =SUMIF(Formulario!$B$12:$B$41,A23,Formulario!$G$12:$G$41) -> 20 | C23: =SUMIF(Formulario!$B$12:$B$41,A23,Formulario!$H$12:$H$41) -> 40 | D23: =IFERROR(B23/C23*100,0) -> 50 | E23: =LOOKUP(D23,Reglas!$D$5:$D$9,Reglas!$F$5:$F$9) -> M
A24: Integraciones | B24: =SUMIF(Formulario!$B$12:$B$41,A24,Formulario!$G$12:$G$41) -> 0 | C24: =SUMIF(Formulario!$B$12:$B$41,A24,Formulario!$H$12:$H$41) -> 40 | D24: =IFERROR(B24/C24*100,0) -> 0 | E24: =LOOKUP(D24,Reglas!$D$5:$D$9,Reglas!$F$5:$F$9) -> XS
A25: Datos, seguridad y cumplimiento | B25: =SUMIF(Formulario!$B$12:$B$41,A25,Formulario!$G$12:$G$41) -> 0 | C25: =SUMIF(Formulario!$B$12:$B$41,A25,Formulario!$H$12:$H$41) -> 52 | D25: =IFERROR(B25/C25*100,0) -> 0 | E25: =LOOKUP(D25,Reglas!$D$5:$D$9,Reglas!$F$5:$F$9) -> XS
A26: Tecnología y arquitectura | B26: =SUMIF(Formulario!$B$12:$B$41,A26,Formulario!$G$12:$G$41) -> 0 | C26: =SUMIF(Formulario!$B$12:$B$41,A26,Formulario!$H$12:$H$41) -> 52 | D26: =IFERROR(B26/C26*100,0) -> 0 | E26: =LOOKUP(D26,Reglas!$D$5:$D$9,Reglas!$F$5:$F$9) -> XS
A27: Operación y soporte | B27: =SUMIF(Formulario!$B$12:$B$41,A27,Formulario!$G$12:$G$41) -> 0 | C27: =SUMIF(Formulario!$B$12:$B$41,A27,Formulario!$H$12:$H$41) -> 36 | D27: =IFERROR(B27/C27*100,0) -> 0 | E27: =LOOKUP(D27,Reglas!$D$5:$D$9,Reglas!$F$5:$F$9) -> XS
A28: Incertidumbre y dependencias | B28: =SUMIF(Formulario!$B$12:$B$41,A28,Formulario!$G$12:$G$41) -> 0 | C28: =SUMIF(Formulario!$B$12:$B$41,A28,Formulario!$H$12:$H$41) -> 28 | D28: =IFERROR(B28/C28*100,0) -> 0 | E28: =LOOKUP(D28,Reglas!$D$5:$D$9,Reglas!$F$5:$F$9) -> XS
A31: Mix sugerido de capacidades por T-shirt
A32: Capability | B32: Nivel SFIA sugerido | C32: % mix | D32: FTE base | E32: Ajuste manual | F32: FTE final | G32: Notas
A33: Product Owner / Negocio | B33: =INDEX(Reglas!$M$5:$Q$15,MATCH(A33,Reglas!$K$5:$K$15,0),MATCH("SFIA "&$B$10,Reglas!$M$4:$Q$4,0)) -> 3 | C33: =INDEX(Reglas!$R$5:$V$15,MATCH(A33,Reglas!$K$5:$K$15,0),MATCH("Mix "&$B$10,Reglas!$R$4:$V$4,0)) -> 0.2 | D33: =C33*$B$15 -> 0 | E33: =0 -> 0 | F33: =MAX(0,D33+E33) -> 0 | G33: =INDEX(Reglas!$W$5:$W$15,MATCH(A33,Reglas!$K$5:$K$15,0)) -> Indispensable para foco y priorización.
A34: Analista negocio / funcional | B34: =INDEX(Reglas!$M$5:$Q$15,MATCH(A34,Reglas!$K$5:$K$15,0),MATCH("SFIA "&$B$10,Reglas!$M$4:$Q$4,0)) -> 2 | C34: =INDEX(Reglas!$R$5:$V$15,MATCH(A34,Reglas!$K$5:$K$15,0),MATCH("Mix "&$B$10,Reglas!$R$4:$V$4,0)) -> 0.2 | D34: =C34*$B$15 -> 0 | E34: =0 -> 0 | F34: =MAX(0,D34+E34) -> 0 | G34: =INDEX(Reglas!$W$5:$W$15,MATCH(A34,Reglas!$K$5:$K$15,0)) -> Clave cuando no hay historias detalladas.
A35: Arquitectura de solución | B35: =INDEX(Reglas!$M$5:$Q$15,MATCH(A35,Reglas!$K$5:$K$15,0),MATCH("SFIA "&$B$10,Reglas!$M$4:$Q$4,0)) -> 0 | C35: =INDEX(Reglas!$R$5:$V$15,MATCH(A35,Reglas!$K$5:$K$15,0),MATCH("Mix "&$B$10,Reglas!$R$4:$V$4,0)) -> 0.1 | D35: =C35*$B$15 -> 0 | E35: =0 -> 0 | F35: =MAX(0,D35+E35) -> 0 | G35: =INDEX(Reglas!$W$5:$W$15,MATCH(A35,Reglas!$K$5:$K$15,0)) -> Puede ser compartida según criticidad.
A36: Desarrollo Backend / API | B36: =INDEX(Reglas!$M$5:$Q$15,MATCH(A36,Reglas!$K$5:$K$15,0),MATCH("SFIA "&$B$10,Reglas!$M$4:$Q$4,0)) -> 2 | C36: =INDEX(Reglas!$R$5:$V$15,MATCH(A36,Reglas!$K$5:$K$15,0),MATCH("Mix "&$B$10,Reglas!$R$4:$V$4,0)) -> 0.25 | D36: =C36*$B$15 -> 0 | E36: =0 -> 0 | F36: =MAX(0,D36+E36) -> 0 | G36: =INDEX(Reglas!$W$5:$W$15,MATCH(A36,Reglas!$K$5:$K$15,0)) -> Alta relevancia en iniciativas financieras y transversales.
A37: Desarrollo Frontend / Mobile | B37: =INDEX(Reglas!$M$5:$Q$15,MATCH(A37,Reglas!$K$5:$K$15,0),MATCH("SFIA "&$B$10,Reglas!$M$4:$Q$4,0)) -> 0 | C37: =INDEX(Reglas!$R$5:$V$15,MATCH(A37,Reglas!$K$5:$K$15,0),MATCH("Mix "&$B$10,Reglas!$R$4:$V$4,0)) -> 0 | D37: =C37*$B$15 -> 0 | E37: =0 -> 0 | F37: =MAX(0,D37+E37) -> 0 | G37: =INDEX(Reglas!$W$5:$W$15,MATCH(A37,Reglas!$K$5:$K$15,0)) -> Aplicar si impacta App, web o portales.
A38: QA / Automatización | B38: =INDEX(Reglas!$M$5:$Q$15,MATCH(A38,Reglas!$K$5:$K$15,0),MATCH("SFIA "&$B$10,Reglas!$M$4:$Q$4,0)) -> 2 | C38: =INDEX(Reglas!$R$5:$V$15,MATCH(A38,Reglas!$K$5:$K$15,0),MATCH("Mix "&$B$10,Reglas!$R$4:$V$4,0)) -> 0.15 | D38: =C38*$B$15 -> 0 | E38: =0 -> 0 | F38: =MAX(0,D38+E38) -> 0 | G38: =INDEX(Reglas!$W$5:$W$15,MATCH(A38,Reglas!$K$5:$K$15,0)) -> Aumentar en flujos críticos, cartera, pagos o crédito.
A39: Seguridad / AppSec | B39: =INDEX(Reglas!$M$5:$Q$15,MATCH(A39,Reglas!$K$5:$K$15,0),MATCH("SFIA "&$B$10,Reglas!$M$4:$Q$4,0)) -> 0 | C39: =INDEX(Reglas!$R$5:$V$15,MATCH(A39,Reglas!$K$5:$K$15,0),MATCH("Mix "&$B$10,Reglas!$R$4:$V$4,0)) -> 0 | D39: =C39*$B$15 -> 0 | E39: =0 -> 0 | F39: =MAX(0,D39+E39) -> 0 | G39: =INDEX(Reglas!$W$5:$W$15,MATCH(A39,Reglas!$K$5:$K$15,0)) -> Aumentar si hay datos sensibles, internet o riesgo regulatorio.
A40: DevOps / Plataforma | B40: =INDEX(Reglas!$M$5:$Q$15,MATCH(A40,Reglas!$K$5:$K$15,0),MATCH("SFIA "&$B$10,Reglas!$M$4:$Q$4,0)) -> 2 | C40: =INDEX(Reglas!$R$5:$V$15,MATCH(A40,Reglas!$K$5:$K$15,0),MATCH("Mix "&$B$10,Reglas!$R$4:$V$4,0)) -> 0.05 | D40: =C40*$B$15 -> 0 | E40: =0 -> 0 | F40: =MAX(0,D40+E40) -> 0 | G40: =INDEX(Reglas!$W$5:$W$15,MATCH(A40,Reglas!$K$5:$K$15,0)) -> Puede ser compartida si existe plataforma madura.
A41: Datos / Integración | B41: =INDEX(Reglas!$M$5:$Q$15,MATCH(A41,Reglas!$K$5:$K$15,0),MATCH("SFIA "&$B$10,Reglas!$M$4:$Q$4,0)) -> 0 | C41: =INDEX(Reglas!$R$5:$V$15,MATCH(A41,Reglas!$K$5:$K$15,0),MATCH("Mix "&$B$10,Reglas!$R$4:$V$4,0)) -> 0 | D41: =C41*$B$15 -> 0 | E41: =0 -> 0 | F41: =MAX(0,D41+E41) -> 0 | G41: =INDEX(Reglas!$W$5:$W$15,MATCH(A41,Reglas!$K$5:$K$15,0)) -> Aplica en analítica, reportes, integraciones o migración.
A42: UX/UI / Experiencia | B42: =INDEX(Reglas!$M$5:$Q$15,MATCH(A42,Reglas!$K$5:$K$15,0),MATCH("SFIA "&$B$10,Reglas!$M$4:$Q$4,0)) -> 0 | C42: =INDEX(Reglas!$R$5:$V$15,MATCH(A42,Reglas!$K$5:$K$15,0),MATCH("Mix "&$B$10,Reglas!$R$4:$V$4,0)) -> 0 | D42: =C42*$B$15 -> 0 | E42: =0 -> 0 | F42: =MAX(0,D42+E42) -> 0 | G42: =INDEX(Reglas!$W$5:$W$15,MATCH(A42,Reglas!$K$5:$K$15,0)) -> Aplicar en canales de cliente/aliado.
A43: Operación / SRE | B43: =INDEX(Reglas!$M$5:$Q$15,MATCH(A43,Reglas!$K$5:$K$15,0),MATCH("SFIA "&$B$10,Reglas!$M$4:$Q$4,0)) -> 0 | C43: =INDEX(Reglas!$R$5:$V$15,MATCH(A43,Reglas!$K$5:$K$15,0),MATCH("Mix "&$B$10,Reglas!$R$4:$V$4,0)) -> 0.05 | D43: =C43*$B$15 -> 0 | E43: =0 -> 0 | F43: =MAX(0,D43+E43) -> 0 | G43: =INDEX(Reglas!$W$5:$W$15,MATCH(A43,Reglas!$K$5:$K$15,0)) -> Relevante para servicios críticos o 7x24.
A45: Total | C45: =SUM(C33:C43) -> 1 | D45: =SUM(D33:D43) -> 0 | E45: =SUM(E33:E43) -> 0 | F45: =SUM(F33:F43) -> 0

Sheet Reglas
A1: Reglas editables del modelo
A3: Respuesta formulario | B3: Puntaje base | D3: Conversión de puntaje a T-shirt y esfuerzo inicial | K3: Mix sugerido de capacidades por talla | Y3: Opciones I1 (sistemas internos) | Z3: Opciones I2 (terceros) | AA3: Opciones I3 (APIs/integraciones) | AB3: Opciones I4 (equipos externos) | AC3: Opciones N4 (áreas) | AD3: Opciones F2 (canales)
A4: 0 - No aplica / sin impacto | B4: 0 | D4: Min % | E4: Max % | F4: Talla | G4: PM min | H4: PM max | I4: Guía de lectura | J4: Acción recomendada | K4: Capability | L4: Descripción | M4: SFIA XS | N4: SFIA S | O4: SFIA M | P4: SFIA L | Q4: SFIA XL | R4: Mix XS | S4: Mix S | T4: Mix M | U4: Mix L | V4: Mix XL | W4: Notas | Y4: 0 - Ninguno | Z4: 0 - Ninguno | AA4: 0 - Ninguna | AB4: 0 - Ninguno | AC4: 0 - Ninguna / solo la célula | AD4: 0 - Ninguno
A5: 1 - Bajo | B5: 1 | D5: 0 | E5: 20 | F5: XS | G5: 1 | H5: 3 | I5: Cambio menor o ajuste acotado. | J5: Resolver con capacidad existente o célula ligera. | K5: Product Owner / Negocio | L5: Prioridad, valor de negocio, decisiones funcionales y relación con stakeholders. | M5: 3 | N5: 3 | O5: 4 | P5: 4 | Q5: 5 | R5: 0.2 | S5: 0.15 | T5: 0.12 | U5: 0.1 | V5: 0.08 | W5: Indispensable para foco y priorización. | Y5: 1 - 1 a 2 sistemas | Z5: 1 - 1 tercero | AA5: 1 - 1 a 2 | AB5: 1 - 1 equipo | AC5: 1 - 1 área | AD5: 1 - 1 canal
A6: 2 - Medio | B6: 2 | D6: 21 | E6: 35 | F6: S | G6: 3 | H6: 8 | I6: Iniciativa pequeña con alcance conocido. | J6: Célula reducida y apoyo puntual de arquitectura/seguridad. | K6: Analista negocio / funcional | L6: Levantamiento, reglas, trazabilidad, procesos, criterios de aceptación. | M6: 2 | N6: 3 | O6: 3 | P6: 4 | Q6: 4 | R6: 0.2 | S6: 0.15 | T6: 0.14 | U6: 0.12 | V6: 0.1 | W6: Clave cuando no hay historias detalladas. | Y6: 2 - 3 a 5 sistemas | Z6: 2 - 2 terceros | AA6: 2 - 3 a 5 | AB6: 2 - 2 equipos | AC6: 2 - 2 áreas | AD6: 2 - 2 canales
A7: 3 - Alto | B7: 3 | D7: 36 | E7: 50 | F7: M | G7: 8 | H7: 16 | I7: Iniciativa media con varias piezas o integraciones. | J7: Célula base y discovery corto para validar supuestos. | K7: Arquitectura de solución | L7: Diseño, trade-offs, estándares, integración, NFRs y decisiones técnicas. | M7: 0 | N7: 4 | O7: 4 | P7: 5 | Q7: 5 | R7: 0.1 | S7: 0.08 | T7: 0.08 | U7: 0.08 | V7: 0.08 | W7: Puede ser compartida según criticidad. | Y7: 3 - 6 a 10 sistemas | Z7: 3 - 3 a 4 terceros | AA7: 3 - 6 a 10 | AB7: 3 - 3 equipos | AC7: 3 - 3 a 4 áreas | AD7: 3 - 3 canales
A8: 4 - Crítico / muy alto | B8: 4 | D8: 51 | E8: 70 | F8: L | G8: 16 | H8: 32 | I8: Iniciativa grande, transversal o con riesgo relevante. | J8: Célula completa, arquitectura temprana y validación AppSec. | K8: Desarrollo Backend / API | L8: Servicios, APIs, lógica de negocio, integración, seguridad técnica. | M8: 2 | N8: 3 | O8: 3 | P8: 4 | Q8: 4 | R8: 0.25 | S8: 0.3 | T8: 0.3 | U8: 0.28 | V8: 0.25 | W8: Alta relevancia en iniciativas financieras y transversales. | Y8: 4 - Más de 10 sistemas | Z8: 4 - 5 o más terceros | AA8: 4 - Más de 10 | AB8: 4 - 4 o más equipos | AC8: 4 - 5 o más áreas | AD8: 4 - 4 o más canales
D9: 71 | E9: 100 | F9: XL | G9: 32 | H9: 64 | I9: Programa o iniciativa estratégica de alta incertidumbre. | J9: Evaluar dividir en frentes/células y hacer discovery formal. | K9: Desarrollo Frontend / Mobile | L9: Canales digitales, experiencia, integración con APIs, validaciones de UI. | M9: 0 | N9: 3 | O9: 3 | P9: 4 | Q9: 4 | R9: 0 | S9: 0.1 | T9: 0.12 | U9: 0.14 | V9: 0.15 | W9: Aplicar si impacta App, web o portales.
A10: Tipo de iniciativa | B10: Descripción | K10: QA / Automatización | L10: Estrategia de pruebas, regresión, automatización, datos de prueba, pruebas E2E. | M10: 2 | N10: 3 | O10: 3 | P10: 4 | Q10: 4 | R10: 0.15 | S10: 0.12 | T10: 0.12 | U10: 0.13 | V10: 0.14 | W10: Aumentar en flujos críticos, cartera, pagos o crédito.
A11: API / Backend | B11: Servicios, APIs, procesos backend o capacidades transversales. | K11: Seguridad / AppSec | L11: Threat modeling, IAM, OWASP, protección de datos, fraude, revisiones y evidencias. | M11: 0 | N11: 3 | O11: 4 | P11: 4 | Q11: 5 | R11: 0 | S11: 0.03 | T11: 0.04 | U11: 0.05 | V11: 0.06 | W11: Aumentar si hay datos sensibles, internet o riesgo regulatorio.
A12: Canal digital | B12: App, web, portal, frontend, experiencia de cliente o aliado. | K12: DevOps / Plataforma | L12: CI/CD, cloud, Kubernetes, APIM, observabilidad, IaC y despliegues. | M12: 2 | N12: 3 | O12: 3 | P12: 4 | Q12: 4 | R12: 0.05 | S12: 0.05 | T12: 0.04 | U12: 0.04 | V12: 0.05 | W12: Puede ser compartida si existe plataforma madura.
A13: Datos / Analítica | B13: Integración, modelos de datos, reportes, BI o analítica. | K13: Datos / Integración | L13: Modelado, persistencia, migración, mensajería, consistencia y reportabilidad. | M13: 0 | N13: 0 | O13: 3 | P13: 4 | Q13: 4 | R13: 0 | S13: 0 | T13: 0.02 | U13: 0.03 | V13: 0.04 | W13: Aplica en analítica, reportes, integraciones o migración.
A14: Infraestructura / Plataforma | B14: Cloud, DevOps, Kubernetes, APIM, automatización o plataforma. | K14: UX/UI / Experiencia | L14: Diseño de interacción, pruebas con usuario, journeys y diseño omnicanal. | M14: 0 | N14: 2 | O14: 3 | P14: 3 | Q14: 4 | R14: 0 | S14: 0.02 | T14: 0.02 | U14: 0.02 | V14: 0.03 | W14: Aplicar en canales de cliente/aliado.
A15: Seguridad / Cumplimiento | B15: Controles, auditoría, IAM, fraude, hardening o cumplimiento. | K15: Operación / SRE | L15: Soporte, monitoreo, SLO, continuidad, runbooks, incidentes y operación. | M15: 0 | N15: 0 | O15: 0 | P15: 3 | Q15: 4 | R15: 0.05 | S15: 0 | T15: 0 | U15: 0.01 | V15: 0.02 | W15: Relevante para servicios críticos o 7x24.
A16: Operación / Backoffice | B16: Procesos internos, soporte, contact center, operación, cartera o recaudo.
A17: Producto financiero | B17: Nueva capacidad de crédito, tarjeta, pagos, originación, cartera o experiencia financiera. | R17: =SUM(R5:R15) -> 1 | S17: =SUM(S5:S15) -> 1 | T17: =SUM(T5:T15) -> 1 | U17: =SUM(U5:U15) -> 1 | V17: =SUM(V5:V15) -> 1 | W17: Debe sumar 100% por talla

Sheet Calibracion
A1: Registro para calibrar el modelo con datos reales
A3: Fecha cierre | B3: Iniciativa | C3: Tipo | D3: Talla estimada | E3: PM min | F3: PM max | G3: FTE estimado medio | H3: FTE real medio | I3: Duración real meses | J3: Desvío FTE | K3: ¿Requiere ajustar reglas? | L3: Aprendizaje | M3: Link/evidencia
J4: =IFERROR(H4-G4,"") -> 0 | K4: =IF(ABS(J4)>=0.5,"Sí","No") -> No
J5: =IFERROR(H5-G5,"") -> 0 | K5: =IF(ABS(J5)>=0.5,"Sí","No") -> No
J6: =IFERROR(H6-G6,"") -> 0 | K6: =IF(ABS(J6)>=0.5,"Sí","No") -> No
J7: =IFERROR(H7-G7,"") -> 0 | K7: =IF(ABS(J7)>=0.5,"Sí","No") -> No
J8: =IFERROR(H8-G8,"") -> 0 | K8: =IF(ABS(J8)>=0.5,"Sí","No") -> No
J9: =IFERROR(H9-G9,"") -> 0 | K9: =IF(ABS(J9)>=0.5,"Sí","No") -> No
J10: =IFERROR(H10-G10,"") -> 0 | K10: =IF(ABS(J10)>=0.5,"Sí","No") -> No
J11: =IFERROR(H11-G11,"") -> 0 | K11: =IF(ABS(J11)>=0.5,"Sí","No") -> No
J12: =IFERROR(H12-G12,"") -> 0 | K12: =IF(ABS(J12)>=0.5,"Sí","No") -> No
J13: =IFERROR(H13-G13,"") -> 0 | K13: =IF(ABS(J13)>=0.5,"Sí","No") -> No
J14: =IFERROR(H14-G14,"") -> 0 | K14: =IF(ABS(J14)>=0.5,"Sí","No") -> No
J15: =IFERROR(H15-G15,"") -> 0 | K15: =IF(ABS(J15)>=0.5,"Sí","No") -> No
... J23: =IFERROR(H23-G23,"") -> 0 | K23: =IF(ABS(J23)>=0.5,"Sí","No") -> No

Sheet Diccionario_SFIA
A1: Diccionario operativo de niveles SFIA para usar en el modelo
A3: Nivel | B3: Frase guía | C3: Autonomía | D3: Influencia | E3: Complejidad | F3: Uso en staffing temprano
A4: 0 | B4: No requerido dedicado | C4: No se asigna como capacidad dedicada. | D4: Apoyo bajo demanda. | E4: No aplica. | F4: Usar solo si la iniciativa dispara necesidad puntual.
A5: 1 | B5: Seguir | C5: Trabaja bajo instrucciones. | D5: Impacto individual. | E5: Tareas simples. | F5: No recomendado para ownership de iniciativa.
A6: 2 | B6: Asistir | C6: Requiere guía frecuente. | D6: Impacto en tareas. | E6: Problemas acotados. | F6: Útil como apoyo con supervisión.
A7: 3 | B7: Aplicar | C7: Trabaja con autonomía en tareas/entregables conocidos. | D7: Impacto en la célula. | E7: Complejidad moderada. | F7: Equivalente aproximado a ingeniero II / semi senior.
A8: 4 | B8: Facilitar | C8: Toma decisiones técnicas locales. | D8: Impacto en equipo o componente. | E8: Problemas complejos y conocidos. | F8: Equivalente aproximado a senior / especialista.
A9: 5 | B9: Asegurar y asesorar | C9: Define enfoques y asesora. | D9: Impacto transversal o multi-equipo. | E9: Alta complejidad e incertidumbre. | F9: Arquitectura, seguridad o liderazgo técnico relevante.
A10: 6 | B10: Iniciar e influir | C10: Inicia cambios y define prácticas. | D10: Impacto organizacional. | E10: Problemas amplios y estratégicos. | F10: Principal / arquitecto empresarial / plataforma corporativa.
A11: 7 | B11: Definir estrategia | C11: Define estrategia organizacional. | D11: Impacto ejecutivo. | E11: Ambigüedad estratégica. | F11: Dirección tecnológica o estrategia corporativa.
